Key,Value
Alabama,Alabama
Albany,Albany
Arizona - Tucson,Arizona - Tucson
Arizona - Phoenix,Arizona - Phoenix
Arkansas,Arkansas
Baylor,Baylor
Boston,Boston
BU,Boston
Brown,Brown
Buffalo,Buffalo
CUNY,City University of New York
City University of New York,City University of New York
California University of Science and Medicine,California University of Science and Medicine
California Northstate,California Northstate
Caribe,Caribe
Carle Illinois,Carle Illinois
Case Western,Case Western
Cleveland Clinic Lerner,Cleveland Clinic Lerner
Central Michigan,Central Michigan
Rosalind Franklin,Rosalind Franklin
Franklin,Rosalind Franklin
Chicago,Chicago
Cincinnati,Cincinnati
Colorado,Colorado
Columbia,Columbia
Vagelos,Columbia
Connecticut,Connecticut
Cooper Rowan,Cooper Rowan
Cornell,Cornell
Tri-I,Cornell
Creighton,Creighton
Dartmouth,Dartmouth
Geisel,Dartmouth
Drexel,Drexel
Duke,Duke
East Carolina,East Carolina
East Tennessee,East Tennessee
Eastern Virginia,Eastern Virginia
Albert Einstein,Albert Einstein
Einstein,Albert Einstein
Emory,Emory
Florida International,Florida International
Florida,Florida
Florida Atlantic,Florida Atlantic
Florida State,Florida State
Geisinger Commonwealth,Geisinger Commonwealth
George Washington,George Washington
Georgetown,Georgetown
Hackensack Meridian,Hackensack Meridian
Harvard,Harvard
Hawaii,Hawaii
Houston,Houston
Howard,Howard
Illinois,Illinois
UIC,Illinois
Indiana,Indiana
Iowa,Iowa
Carver,Iowa
Jefferson,Jefferson
Sidney Kimmel,Jefferson
Johns Hopkins,Johns Hopkins
Kaiser Permanente,Kaiser Permanente
Kansas,Kansas
Kentucky,Kentucky
LSU - New Orleans,LSU - New Orleans
LSU - Shreveport,LSU - Shreveport
Loma Linda,Loma Linda
Louisville,Louisville
Loyola,Loyola
Medical College of Georgia,Medical College of Georgia
MC Georgia,Medical College of Georgia
Augusta,Medical College of Georgia
Medical College of Wisconsin,Medical College of Wisconsin
MC Wisconsin,Medical College of Wisconsin
Medical University of South Carolina,Medical University of South Carolina
Marshall,Marshall
Maryland,Maryland
Massachussetts,Massachussetts
Mayo,Mayo
Meharry,Meharry
Mercer,Mercer
Miami,Miami
Michigan,Michigan
Michigan State,Michigan State
Minnesota,Minnesota
Mississippi,Mississippi
Missouri - Columbia,Missouri - Columbia
Missouri - Kansas City,Missouri - Kansas City
Morehouse,Morehouse
Mount Sinai,Mount Sinai
New York University - Long Island,New York University - Long Island
New York University - Grossman,New York University - Grossman
Nebraska,Nebraska
Nevada Reno,Nevada Reno
New Mexico,New Mexico
New York Medical College,New York Medical College
North Carolina,North Carolina
North Dakota,North Dakota
Northeast Ohio,Northeast Ohio
Northwestern,Northwestern
Nova Southeastern,Nova Southeastern
Oakland,Oakland
Ohio State,Ohio State
Oklahoma,Oklahoma
Oregon Health and Science,Oregon Health and Science
Penn State,Penn State
Pennsylvania,Pennsylvania
Pittsburgh,Pittsburgh
Ponce Health Sciences,Ponce Health Sciences
University of Puerto Rico,University of Puerto Rico
Quinnipiac,Quinnipiac
Stony Brook,Stony Brook
Rochester,Rochester
Rush,Rush
Rutgers - New Jersey,Rutgers - New Jersey
Rutgers - Robert Wood Johnson,Rutgers - Robert Wood Johnson
SUNY Downstate,SUNY Downstate
SUNY Upstate,SUNY Upstate
Saint Louis,Saint Louis
San Juan Bautista,San Juan Bautista
South Alabama,South Alabama
South Carolina - Columbia,South Carolina - Columbia
South Carolina - Greenville,South Carolina - Greenville
South Dakota,South Dakota
University of Southern California,University of Southern California
Southern Illinois,Southern Illinois
Stanford,Stanford
Texas Christian University,Texas Christian University
Temple,Temple
Tennessee,Tennessee
Texas A&M,Texas A&M
A and M,Texas A&M
TAMU,Texas A&M
Texas Tech - Lubbock,Texas Tech - Lubbock
Texas Tech - Foster,Texas Tech - Foster
Toledo,Toledo
Tufts,Tufts
Tulane,Tulane
University of California Davis,University of California Davis
University of California Irvine,University of California Irvine
University of California Riverside,University of California Riverside
University of California San Diego,University of California San Diego
University of California San Francisco,University of California San Francisco
Univesity of Central Florida,Univesity of Central Florida
University of California Los Angeles,University of California Los Angeles
University of Nevada Las Vegas,University of Nevada Las Vegas
University of South Florida,University of South Florida
University of Texas - Austin,University of Texas - Austin
University of Texas - Houston,University of Texas - Houston
University of Texas - Medical Branch,University of Texas - Medical Branch
University of Texas - Rio Grande,University of Texas - Rio Grande
University of Texas - San Antonio,University of Texas - San Antonio
University of Texas - Southwestern,University of Texas - Southwestern
Uniformed Services,Uniformed Services
Utah,Utah
Vanderbilt,Vanderbilt
Vermont,Vermont
Virginia,Virginia
Virginia Commonwealth,Virginia Commonwealth
Virginia Tech,Virginia Tech
Wake Forest,Wake Forest
Washington State,Washington State
WSU,Washington State
Washington Floyd,Washington State
Washington University Saint Louis,Washington University Saint Louis
Wayne State,Wayne State
West Virginia,West Virginia
Western Michigan,Western Michigan
Wisconsin,Wisconsin
Wright State,Wright State
Yale,Yale
Hofstra,Hofstra
Zucker,Hofstra
YSM,Yale
Miller,Miami
JHU,Johns Hopkins
Kimmel,Jefferson
SKMC,Jefferson
Thomas Jefferson,Jefferson
Kaiser,Kaiser Permanente
STX,University of Texas - San Antonio
UT San Antonio,University of Texas - San Antonio
Louisiana State New Orleans,LSU - New Orleans
Louisiana State Shreveport,LSU - Shreveport
MCW,Medical College of Wisconsin
MU South Carolina,Medical University of South Carolina
MUSC,Medical University of South Carolina
McGovern,University of Texas - Houston
Mt Sinai,Mount Sinai
NYU,New York University - Grossman
New York University,New York University - Grossman
Penn,Pennsylvania
OHSU,Oregon Health and Science
OSU,Ohio State
Robert Wood Johnson,Rutgers - Robert Wood Johnson
RWJ,Rutgers - Robert Wood Johnson
New Jersey,Rutgers - New Jersey
State University of New York Downstate,SUNY Downstate
State University of New York Upstate,SUNY Upstate
UC Davis,University of California Davis
UCD,University of California Davis
UC Irvine,University of California Irvine
UCI,University of California Irvine
UC San Diego,University of California San Diego
UCSD,University of California San Diego
UC Los Angeles,University of California Los Angeles
UCLA,University of California Los Angeles
Geffen,University of California Los Angeles
UC San Francisco,University of California San Francisco
UCSF,University of California San Francisco
Uconn,Connecticut
UMD,Maryland
UNC,North Carolina
UPenn,Pennsylvania
USC,University of Southern California
Pitt,Pittsburgh
UT Southwestern,University of Texas - Southwestern
UTSA,University of Texas - San Antonio
UTSW,University of Texas - Southwestern
UW,Washington
Washington,Washington
U Washington,Washington
UMass,Massachussetts
VCU,Virginia Commonwealth
Vandy,Vanderbilt
WUSTL,Washington University Saint Louis
WashU,Washington University Saint Louis
Weill,Cornell
CU Anschutz,Colorado
UW Madison,Wisconsin
A.T. Still - Kirksville,A.T. Still - Kirksville
A.T. Still - Arizona,A.T. Still - Arizona
Alabama COM,Alabama COM
Midwestern - Arizona,Midwestern - Arizona
Arkansas COM,Arkansas COM
New Mexico State,Burrell COM
California Health Sciences,California Health Sciences
Campbell,Campbell
Midwestern - Chicago,Midwestern - Chicago
Des Moines,Des Moines
Edward Via - Auburn,Edward Via - Auburn
Edward Via - Carolinas,Edward Via - Carolinas
Edward Via - Louisiana,Edward Via - Louisiana
Edward Via - Virginia,Edward Via - Virginia
Idaho COM,Idaho COM
Kansas City University COM,Kansas City University COM
Kansas COM,Kansas COM
Lake Erie,Lake Erie
Liberty,Liberty
Lincoln Memorial,Lincoln Memorial
Marian,Marian
Michigan State COM,Michigan State COM
New York Institute of Technology,New York Institute of Technology
Noorda,Noorda
Nova Southeastern COM,Nova Southeastern COM
Ohio University,Ohio University
Oklahoma State,Oklahoma State
Pacific Northwest,Pacific Northwest
PNWU,Pacific Northwest
Philadelphia COM,Philadelphia COM
Philadelphia COM - Georgia,Philadelphia COM - Georgia
Rocky Vista,Rocky Vista
Rowan,Rowan
Sam Houston,Sam Houston
Tuoro - New York,Tuoro - New York
Tuoro - California,Tuoro - California
Tuoro - Nevada,Tuoro - Nevada
New England,New England
North Texas,North Texas
Pikeville,Kentucky COM
Incarnate Word,Incarnate Word
West Virginia SOM,West Virginia SOM
Western University,Western University
William Carey,William Carey
A.T. Still University-Kirksville College of Osteopathic Medicine,A.T. Still - Kirksville
A.T. Still University-School of Osteopathic Medicine in Arizona,A.T. Still - Arizona
Alabama College of Osteopathic Medicine,Alabama COM
Arizona College of Osteopathic Medicine of Midwestern University,Midwestern - Arizona
Arkansas College of Osteopathic Medicine,Arkansas COM
Burrell College of Osteopathic Medicine at New Mexico State University,Burrell COM
California Health Sciences University College of Osteopathic Medicine,California Health Sciences
Campbell University Jerry M. Wallace School of Osteopathic Medicine,Campbell
Chicago College of Osteopathic Medicine of Midwestern University,Midwestern - Chicago
Des Moines University College of Osteopathic Medicine,Des Moines
Edward Via College of Osteopathic Medicine - Auburn Campus,Edward Via - Auburn
Edward Via College of Osteopathic Medicine - Carolinas Campus,Edward Via - Carolinas
Edward Via College of Osteopathic Medicine - Louisiana Campus,Edward Via - Louisiana
Edward Via College of Osteopathic Medicine - Virginia Campus,Edward Via - Virginia
Idaho College of Osteopathic Medicine,Idaho COM
Kansas City University College of Osteopathic Medicine,Kansas City University COM
Kansas Health Science Center - Kansas College of Osteopathic Medicine,Kansas COM
Lake Erie College of Osteopathic Medicine,Lake Erie
Liberty University College of Osteopathic Medicine,Liberty
Lincoln Memorial University - DeBusk College of Osteopathic Medicine,Lincoln Memorial
Marian University College of Osteopathic Medicine,Marian
Michigan State University College of Osteopathic Medicine,Michigan State COM
New York Institute of Technology College of Osteopathic Medicine,New York Institute of Technology
Noorda College of Osteopathic Medicine,Noorda
Nova Southeastern University Dr. Kiran C. Patel College of Osteopathic Medicine,Nova Southeastern COM
Ohio University Heritage College of Osteopathic Medicine,Ohio University
Oklahoma State University Center for Health Sciences College of Osteopathic Medicine,Oklahoma State
Pacific Northwest University of Health Sciences College of Osteopathic Medicine,Pacific Northwest
Philadelphia College of Osteopathic Medicine,Philadelphia COM
Philadelphia College of Osteopathic Medicine Georgia Campus,Philadelphia COM - Georgia
Rocky Vista University College of Osteopathic Medicine,Rocky Vista
Rowan University School of Osteopathic Medicine,Rowan
Sam Houston State University College of Osteopathic Medicine,Sam Houston
Touro College of Osteopathic Medicine - New York,Tuoro - New York
Touro University College of Osteopathic Medicine - California,Tuoro - California
Touro University Nevada College of Osteopathic Medicine,Tuoro - Nevada
University of New England College of Osteopathic Medicine,New England
University of North Texas Health Science Center at Fort Worth - Texas College of Osteopathic Medicine,North Texas
University of Pikeville - Kentucky College of Osteopathic Medicine,Kentucky COM
University of the Incarnate Word School of Osteopathic Medicine,Incarnate Word
West Virginia School of Osteopathic Medicine,West Virginia SOM
Western University of Health Sciences College of Osteopathic Medicine of the Pacific,Western University
William Carey University College of Osteopathic Medicine,William Carey
University of Virginia,Virginia
Burrell College of Osteopathic Medicine,Burrell COM
Dalhousie,Dalhousie
McGill,McGill
McMaster,McMaster
Memorial,Memorial
Northern Ontario School of Medicine,Northern Ontario School of Medicine
Queen’s,Queen’s
Alberta,Alberta
University of British Columbia,University of British Columbia
Calgary,Calgary
Manitoba,Manitoba
Ottawa,Ottawa
Saskatchewan,Saskatchewan
Toronto,Toronto
Laval,Laval
Montréal,Montréal
Sherbrooke,Sherbrooke
Western University (CAN),Western University (CAN)
Dalhousie University Faculty of Medicine,Dalhousie
McGill University Faculty of Medicine,McGill
McMaster University Michael G. DeGroote School of Medicine,McMaster
Memorial University of Newfoundland Faculty of Medicine,Memorial
Northern Ontario School of Medicine,Northern Ontario School of Medicine
Queen's University School of Medicine,Queen’s
University of Alberta Faculty of Medicine and Dentistry,Alberta
University of British Columbia Faculty of Medicine,University of British Columbia
University of Calgary Cumming School of Medicine,Calgary
University of Manitoba Max Rady College of Medicine,Manitoba
University of Ottawa Faculty of Medicine,Ottawa
University of Saskatchewan College of Medicine,Saskatchewan
University of Toronto Faculty of Medicine,Toronto
Université Laval Faculté de Médecine,Laval
Université de Montréal Faculté de Médecine ,Montréal
Université de Sherbrooke Faculté de Médecine et des Sciences de la Santé ,Sherbrooke
Schulich School of Medicine & Dentistry,Western University (CAN)
Queens,Queen’s
University of Sherbrooke Faculty of Medicine and Health Sciences,Sherbrooke
UdeM,Montréal
Montreal,Montréal
UBC,University of British Columbia
NOSM,Northern Ontario School of Medicine
Western University Schulich School of Medicine and Dentistry,Western University (CAN)
Charles Drew,Charles R. Drew
Drew,Charles R. Drew